PetSmart Head Office, 4475 North Service Road #201 Burlington, store, True
PetSmart Head Office, 4475 North Service Road #201 Burlington, point_of_interest, True
PetSmart Head Office, 4475 North Service Road #201 Burlington, establishment, True
PetSmart, 5800 McLaughlin Road Mississauga, store, False
PetSmart, 5800 McLaughlin Road Mississauga, point_of_interest, False
PetSmart, 5800 McLaughlin Road Mississauga, establishment, False
PetSmart, 158 North Queen Street Etobicoke, store, False
PetSmart, 158 North Queen Street Etobicoke, point_of_interest, False
PetSmart, 158 North Queen Street Etobicoke, establishment, False
PetSmart, 2501 Hyde Park Gate Oakville, store, False
PetSmart, 2501 Hyde Park Gate Oakville, point_of_interest, False
PetSmart, 2501 Hyde Park Gate Oakville, establishment, False
Pet Cuisine And Accessories, 127 Front Street East Toronto, pet_store, False
Pet Cuisine And Accessories, 127 Front Street East Toronto, store, False
Pet Cuisine And Accessories, 127 Front Street East Toronto, point_of_interest, False
Pet Cuisine And Accessories, 127 Front Street East Toronto, establishment, False
Menagerie Pet Shop, 549 Parliament Street Toronto, pet_store, False
Menagerie Pet Shop, 549 Parliament Street Toronto, store, False
Menagerie Pet Shop, 549 Parliament Street Toronto, point_of_interest, False
Menagerie Pet Shop, 549 Parliament Street Toronto, establishment, False
Pet Social, 11 Fort York Boulevard Toronto, pet_store, False
Pet Social, 11 Fort York Boulevard Toronto, store, False
Pet Social, 11 Fort York Boulevard Toronto, point_of_interest, False
Pet Social, 11 Fort York Boulevard Toronto, establishment, False
Helmutt's Pet Supply, 865 Queen Street West Toronto, pet_store, False
Helmutt's Pet Supply, 865 Queen Street West Toronto, store, False
Helmutt's Pet Supply, 865 Queen Street West Toronto, point_of_interest, False
Helmutt's Pet Supply, 865 Queen Street West Toronto, establishment, False
Pet O Pets, 3092 Mavis Road Mississauga, pet_store, False
Pet O Pets, 3092 Mavis Road Mississauga, store, False
Pet O Pets, 3092 Mavis Road Mississauga, point_of_interest, False
Pet O Pets, 3092 Mavis Road Mississauga, establishment, False
Umbrella Pet Services, 9 Niagara Street Toronto, pet_store, False
Umbrella Pet Services, 9 Niagara Street Toronto, store, False
Umbrella Pet Services, 9 Niagara Street Toronto, point_of_interest, False
Umbrella Pet Services, 9 Niagara Street Toronto, establishment, False
Global Pet Foods, 75 Hanna Avenue Toronto, store, False
Global Pet Foods, 75 Hanna Avenue Toronto, point_of_interest, False
Global Pet Foods, 75 Hanna Avenue Toronto, establishment, False
Global Pet Foods, 2019 Yonge Street Toronto, store, False
Global Pet Foods, 2019 Yonge Street Toronto, point_of_interest, False
Global Pet Foods, 2019 Yonge Street Toronto, establishment, False
Pet Valu, 624 Sheppard Avenue West A North York, store, False
Pet Valu, 624 Sheppard Avenue West A North York, point_of_interest, False
Pet Valu, 624 Sheppard Avenue West A North York, establishment, False
Global Pet Foods, 1170 Burnhamthorpe Road West Mississauga, store, False
Global Pet Foods, 1170 Burnhamthorpe Road West Mississauga, point_of_interest, False
Global Pet Foods, 1170 Burnhamthorpe Road West Mississauga, establishment, False
Pet Valu, 1656 Queen Street East Toronto, pet_store, False
Pet Valu, 1656 Queen Street East Toronto, store, False
Pet Valu, 1656 Queen Street East Toronto, point_of_interest, False
Pet Valu, 1656 Queen Street East Toronto, establishment, False
PetSmart, 547 Steeles Ave Brampton South, store, False
PetSmart, 547 Steeles Ave Brampton South, point_of_interest, False
PetSmart, 547 Steeles Ave Brampton South, establishment, False
PetSmart, 3105 Argentia Road Mississauga, store, False
PetSmart, 3105 Argentia Road Mississauga, point_of_interest, False
PetSmart, 3105 Argentia Road Mississauga, establishment, False
Ren's Pets Depot, 3900 Highway 7 Woodbridge, store, False
Ren's Pets Depot, 3900 Highway 7 Woodbridge, point_of_interest, False
Ren's Pets Depot, 3900 Highway 7 Woodbridge, establishment, False
Global Pet Foods, 1900 Eglinton Avenue East Scarborough, pet_store, False
Global Pet Foods, 1900 Eglinton Avenue East Scarborough, store, False
Global Pet Foods, 1900 Eglinton Avenue East Scarborough, point_of_interest, False
Global Pet Foods, 1900 Eglinton Avenue East Scarborough, establishment, False
petculture, 492 Edinburgh Road South #5 Guelph, store, False
petculture, 492 Edinburgh Road South #5 Guelph, point_of_interest, False
petculture, 492 Edinburgh Road South #5 Guelph, establishment, False
